1918,1. 下列哪种不是关节软骨的材料性质：,B,自身具有血管营养系统
1919,2. 下列哪种不是学校体育中运动损伤的发生特点：,D,严重伤及急性伤多
1920,3. 下列哪种不是开放性运动损伤伤口的处理原则：,A,立即拔除嵌入的物品
1921,4. 对于急性运动损伤的处理需要遵守的PRICE原则不包括：,C,热敷
1922,5. 下列哪种不是闭合性软组织损伤：,D,韧带撕裂
1923,6. 下列哪种不是急性运动损伤早期的处理原则：,B,热敷
1924,7. 下列哪种不是急性运动损伤中期的处理方法：,A,冷敷
1925,8. 下列哪种不是急性运动损伤晚期的处理方法：,C,冷敷
1926,9. 根据肌纤维损伤的程度不同，肌肉拉伤可分为三级，下面哪种不属于：,A,肌肉痉挛
1927,10. 头部出血应该压迫的部位为：,A,颞浅动脉
1928,11. 前臂出血应该压迫的部位为：,B,肱动脉
1929,12. 大腿及小腿出血应该压迫的部位为：,A,股动脉
1930,13. 止血带绑扎的位置是：,D,伤口近心端
1931,14. 采用止血带止血法应该多长时间松解一次：,D,30-60分钟
1932,15. 上肢大动脉出血绑扎位置为：,A,上臂的1/3处
1933,16. 下列不能采用绷带绑扎止血的部位为：,C,大腿
1934,17. 下列骨折固定的原则不包括：,C,开放性骨折需先将刺出皮肤的骨端送回创口再固定
1935,18. 基本急救三原则ABC不包括下列哪种情况：,D,保持与伤者的语言交流
1936,19. 处理急性运动损伤后所采用的冷疗法的作用不包括：,C,增加组织胺的释放
1937,20. 采用冰敷治疗方法时，当皮肤感到（）时，就可以移除冰袋：,D,麻木
1938,21. 为防止冻伤，冰敷时间不能超过：,D,30分钟
1939,22. 处理急性运动损伤采用的热疗法的不包括：,A,增加感觉神经兴奋性
1940,23. 心肺复苏正确的步骤为：,A,首先是心脏胸外按压，再进行开放气道，最后进行人工呼吸
1941,24. 下列哪种损伤不是闭合性损伤：,D,骨折
1942,25. 下列哪种损伤不是运动技术性损伤：,D,骨折
1943,26. 下列属于急性运动损伤的是：,A,肌肉拉伤
1944,27. 下列运动中最容易伤到踝关节的是：,B,篮球
1945,28. 踝关节由3块骨构成，下面哪个不是：,D,掌骨面
1946,29. 踝关节韧带由三条组成，下面哪个除外：,D,十字韧带
1947,30. 运动过程中发生的踝关节内翻过度而损伤的是：,A,外侧副韧带
1948,31. 人体中结构最复杂，承受应力最大的关节是：,B,膝关节
1949,32. 急性膝关节扭伤最容易撕裂的韧带是：,A,前交叉韧带
1950,33. 腕指关节是个统称，主要由三个关节组成，下面哪个除外：,D,腕掌关节
1951,34. 根据发生运动损伤项目的特点，下面哪个项目更容易发生运动损伤：,A,篮球
1952,35. 下列哪种损伤不属于闭合性软组织损伤：,D,捩伤
1953,36. 急性软组织损伤早期处理阶段不包括：,D,按摩
1954,37. 急性软组织损伤中期处理阶段不包括：,C,冷敷
1955,38. 急性软组织损伤晚期处理阶段不包括：,C,针刺
1956,39. 肌肉约占人体体重的：,C,40%-45%
1957,40. 使用弹性绷带对受伤部位进行包扎时应注意：,D,以螺旋状方式平均施加压力
1958,41. 将受伤部位抬高的目的叙述中哪个错误？,D,方便进一步检查
1959,42. 下列哪个动作不会造成被动牵拉伤：,D,起跳
1960,43. 根据运动项目特点，下列哪个项目不容易出现挫伤：,D,健美
1961,44. 在运动中发生肌肉痉挛最为频繁的部位是：,A,小腿
1962,45. 对运动中发生的肌肉痉挛的处理方式错误的叙述是：,C,立即对痉挛部位进行按摩
1963,46. 急性运动损伤中对冷敷作用叙述错误的是：,A,消毒
1964,47. 加压包扎止血法不能运用于下列哪种损伤：,D,主动脉
1965,48. 下列关于脑震荡的叙述错误的是：,D,有显著的脑解剖性和结构性组织伤害
1966,49. 急性脑震荡发生时的临场表现不包括：,D,头颅CT检查异常
1967,50. 急性运动损伤处理中常用的冷疗法作用的叙述错误是：,D,对受伤部位进行消毒
1968,51. 急性运动损伤处理中常用的热疗法作用的叙述错误是：,A,抑制神经感受
1969,52. 热疗法不能用于下列哪种形势的治疗：,D,急性闭合性软组织的早期
1970,53. 砂浴疗法不能用于下列哪种损伤：,D,骨折
1971,54. 肌内效贴是由哪个国家的专家发明的：,B,日本
1972,55. 英文“CPR”的中文全称是：,A,心肺复苏
1973,56. 心肺复苏中的胸外按压位置叙述正确的是：,D,胸骨正中，两乳头水平连线处
1974,57. 心肺复苏中的胸外按压频率是：,D,100次/分钟
1975,58. 海姆立克急救法是由哪个国家的专家发明的：,C,美国
1976,59. 下列哪种情况不是判断心肺复苏抢救初步成功的指标：,B,能够交流
1977,60. 根据项目特点，下列哪个项目最容易发生神经麻痹：,D,自行车
1978,61. 根据运动员运动损伤的部位特点，下列哪个部位不是最容易损伤部位：,D,肩关节
1979,62. 根据运动项目特点，在集体项目中最容易受伤的关节是：,C,踝关节
1980,63. 根据运动项目特点，篮球接球动作最容易受伤部位是：,C,手指关节
1981,64. 根据运动项目特点，乒乓球运动最容易受伤部位是：,D,腕关节
1982,以下不是引起肌肉痉挛（抽筋）的原因是：,D,身体缺少糖分
1983,人体运动过程中最容易出现肌肉痉挛的肌肉是：,A,小腿腓肠肌
1984,对运动过后出现的肌肉延迟性疼痛进行处理，不正确的方法是：,A,冷敷
1985,以下不是运动康复的主要手段是：,A,经常喝运动功能性饮料
1986,对脑震荡处理错误的方法是：,C,迅速热敷头部
1987,对运动过程中出现的肌肉拉伤进行处理不当的是：,D,对痛点进行按摩
1988,如果运动过程中出现的“运动中腹痛”现象，可以按摩以下几个穴位，哪个不对：,D,印堂穴
1989,如果运动过程中出现的“肌肉痉挛”现象，可以按摩以下几个穴位，哪个不对：,D,足三里
1990,运动中补水的原则是：,A,少量多次
1991,下列哪种食物被经常作为运动中补充体能的佳品：,D,香蕉
1992,研究显示，在运动后的一段时间内，身体合成糖原的效率最高。时间过后，则恢复到正常水平，这个时间是运动后：,B,2小时
1993,以下哪一项不是体育锻炼的原则？,C,有效性原则
1994,以下哪一项不是FITT原则：,D,重量
1995,从运动生理学的角度来说，多长时间是全身耐力运动所需要的最短时间？,B,5分钟
1996,如果长时间没有运动，刚开始进行体育锻炼后，往往会出现肌肉延迟性疼痛，以下不是引起肌肉延迟性疼痛的原因是：,D,可能身体缺钙
1997,对准备活动作用的叙述，下列错误的是：,A,抑制中枢神经的兴奋性
1998,对于运动损伤的预防，下列说法错误的是,D,少做技术难度大的动作
1999,网球肘又叫：,A,肱骨外上髁炎
2000,肩袖是由以下几个部分组成，其中错误的是：,C,肱二头肌
2001,对于“末端病”的描述，错误的是：,D,比较容易治疗
2002,对于“关节软骨损伤”的描述，错误的是：,C,受伤后可以完全再生
2003,关节的稳定主要依赖于以下几个方面的维持，其中不包括：,D,脂肪
2004,对于“骨组织劳损”的描述错误的是：,C,疲劳性骨折则也可自愈
2005,“末端病”的发生最先受损的是：,A,血管
2006,对预防慢性小损伤尤其是微细损伤，以下几条尤为重要，其中错误的是：,D,加强运动饮品的摄入
2007,以下对肩袖损伤的临床表现描述错误的是：,B,以前没有损伤史
2008,撕裂伤最容易发生的部位是头部,A,对
2009,对于撕裂伤的处理，较大的撕裂伤应先止血，经清创、消毒后再进一步处理。,A,对
2010,大学生群体最容易发生的损伤性质是：慢性、闭合性损伤.,B,错
2011,加垫屈肢止血法不能应用于身体前臂,B,错
2012,海姆立克急救法是由美国的专家发明的,A,对
2013,心肺复苏中的胸外按压频率是：40次/分钟,B,错
2014,对于骨折固定的目的叙述错误的是：预防感染,B,错
2015,"儿童少年骨的特点是有机物多，无机物少,易骨折.",B,错
2016,学校体育中运动损伤的发生特点是小伤轻伤多、软组织损伤多,A,对
2017,韧带撕裂是闭合性软组织损伤.,A,对
2018,按摩是急性运动损伤早期的处理原则.,B,错
2019,冷敷是急性运动损伤晚期的处理方法.,B,错
2020,乒乓球正规比赛用球直径是38mm,B,错
2021,现代足球起源于中国。,B,错
2022,我国男子足球队首次进入世界杯决赛阶段比赛的时间是1998年。,B,错
2023,剧烈运动时，肺通气量的增加主要依靠呼吸深度和呼吸频率的增加，以后者为主。,A,对
2024,可使骨骼肌的体积明显增加的是生长素，女子体内含量低是女性肌肉体积小于男生的因素之一。,B,错
2025,扶墙压肩可发展下列三角肌肌肉的伸展性。,B,错
2026,做十字吊环在肩关节发挥力量的肌肉是胸大肌和背阔肌。,A,对
2027,可绕三个基本轴运动的关节是髋关节。,A,对
2028,头部出血应该压迫的部位为：颞浅动脉。,A,对
2029,前臂出血应该压迫的部位为：锁骨下动脉,B,错
2030,止血带绑扎的位置是：伤口.,B,错
2031,大腿不能采用绷带绑扎止血。,A,对
2032,为防止冻伤，冰敷时间不能超过10分钟。,B,错
2033,网球肘是运动技术性损伤。,A,对
2034,网球肘是急性运动损伤。,B,错
2035,准备活动可以抑制中枢神经的兴奋性。,B,错
2036,"人体整个运动系统包括:骨
、骨连结以及骨骼肌。",A,对
2037,人体最大的籽骨是：髌骨,A,对
2038,人体前臂内侧是：腓骨。,B,错
2039,人体颈椎共有骨头7块。,A,对
2040,"影响关节运动幅度的关键要素是：
关节囊的厚薄",B,错
2041,具有囊内韧带的关节是：肩关节和膝关节,A,对
2042,可绕三个基本轴运动的关节是：髋关节,A,对
2043,限制髋关节过伸的主要结构是：坐骨韧带。,B,错
2044,呼吸肌由肋间外肌、肋间内肌、胸肌组成。,B,错
2045,可维持腹压的肌肉是：腹外斜肌,A,对
2046,国际篮联规定供国际比赛的标准场地为：长26宽14,B,错
2047,目前羽毛球21分制比赛中，在决胜局时，当一方分值达到15分时，双方交换场地,B,错
2048,平滑肌和骨骼肌又称横纹肌的是,B,错
2049,韧带的组织是疏松的。,B,错
2050,加压包扎止血法不能用于股动脉。,A,对
2051,加垫屈肢止血法不能应用于躯干。,A,对
2052,肌肉约占人体体重的：60%-65%,B,错
2053,使用弹性绷带对受伤部位进行包扎时应注意从肢体近端往末端方向包扎,B,错
2054,"根据运动项目特点,健美不容易出现挫伤",A,对
2055,在运动中发生肌肉痉挛最为频繁的部位是小腿。,A,对
2056,运动中发生的肌肉痉挛应马上对痉挛部位进行牵拉。,A,对
2057,英文“CPR”的中文全称是：心脏急救。,B,错
2058,根据项目特点，排球最容易发生尺神经麻痹。,B,错
2059,根据运动员运动损伤的部位特点，肩关节不是最容易损伤部位,A,对
2060,发展股后肌群伸展性，最好采用：跪撑后倒。,B,错
2061,91. 与无锻炼者相比，有锻炼者进行定量运动时心血管机能没有反应大的特点,A,对
2062,根据运动项目特点，篮球接球动作最容易受伤部位是膝关节。,B,错
2063,根据运动项目特点，乒乓球运动最容易受伤部位是：腕关节。,A,对
2064,对开放性运动损伤伤口的处理原则是拔出嵌入体内的物品。,B,错
2065,撕裂伤最容易发生的部位是：肩部。,B,错
2066,心肺复苏中的胸外按压位置是心脏上方。,B,错
2067,肌内效贴是由日本的专家发明的,A,对
2068,砂浴疗法不能用于骨折损伤,A,对
2069,热疗法不能用于急性闭合性软组织的早期形势的治疗,A,对
2070,急性运动损伤处理中常用的冷疗法作用是对受伤部位进行消毒。,B,错
2071,急性脑震荡发生时的临场表现有意识障碍、逆行性健忘以及自主神经功能紊乱。,A,对
2072,脑震荡有显著的脑解剖性和结构性组织伤害。,B,错
2073,运动过程中的肌肉痉挛是指肌肉有规律的自由收缩现象。,B,错
2074,运动过程中最容易出现肌肉痉挛的肌肉是肱二头肌。,B,错
2075,人体由安静状态到剧烈运动时，机体容易出现“极点”现象，这不是一种正常的生理现象。,B,错
2076,人体运动过程中出现的“极点”现象是由于内脏器官的惰性和身体的乳酸积累造成的。,A,对
2077,“极点”和“第二次呼吸”是中长跑运动中常见的生理现象，只要坚持锻炼和处理得当，这种现象是可以推迟和减轻的。,A,对
2078,由于剧烈运动，使大量血液积聚在下肢，回心血量减少，容易引起运动性昏厥。,A,对
2079,当腓肠肌出现痉挛时，应膝关节弯曲，蹲压。,B,错
2080,运动中一旦出现“极点”应及时停止运动，以缓解身体不适。,B,错
2081,运动过程中，由于肺部缺氧而发生的暂时性知觉丧失的现象称之为运动性昏厥。,B,错
2082,长期喝运动饮料有助于调节体内电解质的平衡。,B,错
2083,糖原是运动时的主要能量来源之一，主要存在于肌肉和心脏之中。,B,错
2084,口服维生素c有助于受伤组织的修复，从而减轻或缓解酸痛。,A,对
2085,“第二次呼吸”出现以后，循环机能将稳定在较高的水平上。,A,对
2086,冬季下水游泳之前，应先用热水淋浴，防止冻伤。,B,错
2087,挫伤是指由于身体局部受到钝器打击而引起的深层组织的开放性损伤。,B,错
2088,急性损伤局部触诊皮肤温度升高,A,对
2089,关节软骨损伤，如髌骨软骨病、骨关节病等，大多系劳损所致。,A,对
2090,“末端病”的发生是先有腱组织损害，继而再产生血管的病理改变,B,错
2091,网球肘：又名肱骨外上髁炎 ，因网球运动员易患而得名,A,对
2092,疲劳性骨膜炎一般改变训练方案，多可自愈，不直接影响训练；而疲劳性骨折则愈合困难。,A,对
2093,髌骨软骨病、骨关节病等，大多系劳损所致。由于软骨受伤后难以完全再生，因而治疗也较为困难。,A,对
2094,在慢性小损伤中，有的属陈旧性损伤，但更多的则是劳损，属运动技术伤。,A,对
2095,常见的运动损伤一般都有局部肿胀、皮下内出血现象。,A,对
2096,骨骼、肌肉、肌腱慢性损伤也是血液循环障碍的结果。,A,对
2097,晕厥：是一时性的全大脑半球及脑干供血不足引起发作性短暂意识丧失伴肌张力消失而倒地的现象,A,对
2098,身高标准体重是指身高与体重两者的比例应在正常的范围。其测的数据主要是针对人体（ ） 进行评价。,D,形态
2099,《国家学 生体质健康标准》测试中，反映（ ）的台阶试验是一种评价的定量负荷试验。,C,心血管机能
2100,发展灵敏素质的有效方法是(  ),A,图形变换跑  
2101,发展速度素质的方法是(  ),C,最快的动作练习
2102,发展体能的原则是(  ),D,以上都是
2103,根据学校特点，学生在制定锻炼计划是一般以（ ）为一个锻炼周期。,D,一年或一学期
2104,国家推行全民健身计划，实施体育（），进行体质监测。,C,锻炼标准
2105,经过锻炼后，大学二年级男子肺活量达到（）毫升及格,C,3100毫升
2106,经过锻炼后，大学一年级女子肺活量达到（）毫升及格,A,2000毫升
2107,决定跳远成绩的主要因素是(  ),C,腾起初速度和角度
2108,力量训练后蛋白质会在（）天后产生超量恢复,D,3-4天
2109,"毛主席在（）年为中华全国体育总会的成立题写了“发展体育运动,增强人民体质”的题词",D,1952
2110,没有锻炼基础的人，如果一开始就参加时间长、强度大的运动训练，身体就会出现不良的感觉。这种锻炼方法主要是违背了( )原则。,D,循序渐进
2111,耐久跑的呼吸方法，一般采用(  )呼吸。,C, 鼻和口同时
2112,女性脂肪比例大于（）为肥胖。,D,30%
2113,人体在从事体育活动过程中常常出现疲劳症状，并伴有人体的生理机能、（）状态的变化。,B,心理
2114,人在长期坚持运动中，下列哪个说法的错误的（）,C,肌纤维的活动数增加，从60%增长到80%
2115,柔韧性训练的基本方法是(  ),C,拉伸法  
2116,体育锻炼的运动量应掌握在（）。,A,不影响第二天的工作、学习、生活为标准
2117,为了发展学生的身体素质和跑的能力，下列--组辅助练习中用于增强腿部力量，提高大腿高抬幅度，发展跑的频率的练习是 (  ),D,高抬腿跑
2118,学生的体质监测由国务院（）组织实施。,A,教育主管部门
2119,影响人体发展的主要因素是(  ),D,遗传、营养和体育
2120,"运动处方的实施中,对每次锻炼过程进行阶段性划分,分别是",B,热身运动、主要运动和整理运动
2121,运动处方的四大要素是:运动项目、运动时间、运动频度和运动 （）,B,强度
2122,"运动强度是以每分钟的心率来表示.一般大学生的心率（ ）次/分钟以下为小强度,（）次/分钟为中强度,180次左右/分钟为大强度.",C,"120,120~150"
2123,按照《国家学生体质健康标准》学生（）测定一次。,C,每一年
2124,经常参加锻炼的人，安静时心率比一般人（）,D,慢
2125,BMI指数反映人体何种素质?,D,身体形态
2126,以下何种运动属于有氧运动?,C,慢跑
2127,运动中最大心率的计算方法有多中，一般可采用（）公式来简单计算,B,220一年龄
2128,体育锻炼必须持续系统地进行，使之成为作息制度和日常生活中不可缺少的内容”是指体育锻炼中的什么原则?,B,持之以恒原则
2129,以下观点中正确的观点为（）,D,普通大学生锻炼中心率在120-150次/分是较为适宜
2130,以下体质测试项目中反映人体心血管机能的项目为,D,1000米跑
2131,下列哪种运动对于降低血脂效果更好,B,有氧运动
2132,最大心率不容易测定，可以用公式推算。若某同学的年龄是25岁，则公式推算他的最大心率为,B,195
2133,下列选项中，属于发展灵敏性的手段,B,双摇跳绳
2134,”体能”也叫体适能(physical fitness)是一种满足生活需要和有足够能量完成各种活动任务的能力，主要通过()而获得,B,体育锻炼
2135,体能可分为两类，一类是与健康相关的体能，另一类是指与()相关的体能,C,运动技能
2136,心肺功能强的人比心肺功能弱的人在运动后3min恢复期内心跳频率（）,A,低
2137,体块指数BMI=体重(kg)/身高的平方(m2)，《国家学生体质健康标准》大学男生正常的BMI范围是,A,17.9-23.9
2138,采用引体向上测试评价肌肉耐力的方法，一名22岁大二学生应连续完成（）标准引体向上成绩为优秀,D,17次
2139,体块指数BMI=体重(kg)/身高的平方(m2)，《国家学生体质健康标准》大学女生正常的BMI范围是,A,17.2-23.9
2140,体块指数BMI=体重(kg)/身高的平方(m2)，《国家学生体质健康标准》大学男生低体重的BMII范围是,B,小于17.8.9
2141,体块指数BMI=体重(kg)/身高的平方(m2)，《国家学生体质健康标准》大学生肥胖的BMI范围是,C,23.4-25.7
2142,体块指数BMI=体重(kg)/身高的平方(m2)，《国家学生体质健康标准》大学生超重的BMI范围是,B,24-27.9
2143,间歇训练中一次较大的运动训练后恢复的目标心率应该在（）以下,C,120次/分
2144,有氧运动最好采用（）的方是最佳,D,低强度、长时间
2145,人体摄入的能量多于消耗的能量，则体重会（）,D,增加
2146,人体摄入的能量少于消耗的能量，则体重会（）,A,减少
2147,以健身为目的的运动，一般人的运动频率以每周（）次以上为适宜,B,3
2148,改善亚健康状态的一种最积极最有效最廉价的方法（）,C,健身运动
2149,国家学生体质健康标准2017修订版中立定跳远得分占总分的百分比（）,B,10%
2150,国家学生体质健康标准2017修订版中中长跑（1000米男/800米女）得分占总分的百分比（）,C,20%
2151,国家学生体质健康标准2017修订版中50米得分占总分的百分比（）,C,20%
2152,国家学生体质健康标准2017修订版中BMI得分占总分的百分比（）,A,15%
2153,国家学生体质健康标准2017修订版中坐位体前屈得分占总分的百分比（）,B,10%
2154,国家学生体质健康标准2017修订版中引体向上（男）/仰卧起坐（女）得分占总分的百分比（）,B,10%
2155,国家学生体质健康标准2017修订版中加分项目有2项，共有（）分,B,20
2156,国家学生体质健康标准2017修订版中肺活量得分占总分的百分比（）,A,15%
2157,发展速度素质的方法是(  ),A,30米冲刺
2158,下列哪个练习可以发展耐力素质（）,C,800米跑
2159,下列哪个练习可以发展柔韧素质（）,D,压腿
2160,皮脂厚度可反映人体（）,A,身体成分
2161,肺活量可反应人体（）,B,呼吸机能
2162,50米跑可反应人体（）,D,速度
2163,坐位体前屈可反应人体（）,C,柔韧性
2164,仰卧起坐可反应人体（）,D,力量耐力
2165,引体向上可反应人体（）,D,力量耐力
2166,立定跳远可反应人体（）,C,爆发力
2167,1000米跑可反应人体（）,D,耐力
2168,压肩可以发展（）,D,柔韧性
2169,游泳慢跑等运动属于（）,A,有氧运动
2170,影响体质健康的因素有（）,D,以上都是
2171,日常生活中哪些做法可以增加非运动性热量消耗（）,D,以上都是
2172,HIIT是什么形式的运动（）,B,高强度间歇训练
2173,高强度间歇训练可以（）,D,以上都是
2174,以下哪个指标最可反映人体有氧耐力水平（）,A,最大摄氧量
2175,负重抗阻练习时，需要增强肌肉耐力水平，应选择的负荷范围（）,C,25-30RM
2176,30RM负荷的抗阻训练可以（）,D,以上均是
2177,肌肉瞬间的负重和爆发力是（）,A,肌肉力量
2178,下列测试可反应肌肉力量和耐力的有（）,D,以上均是
2179,核心区包括（）,D,以上均是
2180,核心训练有别于一般力量训练，它强调（）,D,以上均是
2181,心肺系统是指功能上有密切联系的循环系统和呼吸系统，心肺功能牵涉到（）,D,以上均是
2182,一般健康人群，通过有氧运动提高人体心血管系统机能时，有效而且安全地运动心率范围是（）,C,最大心率60-80%
2183,一般无运动习惯的人群，最大心率如何计算（）,C,220-年龄
2184,身体柔韧性决定着身体各个关节动作的幅度和灵活性，它反映出人体（）,D,以上均是
2185,根据学生学年总分评定等级，良好等级评分范围是（）,B,80-89.9
2186,下列哪一项是国家学生体质健康标准中大学组的加分指标（）,A,引体向上
2187,国家学生体质健康标准中大学组的加分指标包括（）,D,以上均是
2188,国家学生体质健康标准中大学组的各加分指标的加分幅度是（）,A,10分
2189,低强度、长时间的匀速跑，心率掌握在(  )次/分之间，可以发展有氧耐力。,B,110-130  
2190,《国家学生体质健康标准》中的形态测评包括:身高和体重。,A,正确
2191,1000米测验是评价力量和心肺功能适应能力。 （ ）,B,错误
2192,12分钟跑能检测不仅是国际公认的评价最大吸氧量的有效方法，同时也是增强大学生有氧代谢能力的有效健身手段。（）,A,正确 
2193,不合理的运动负荷，也可以起到运动健身的效果。（ ）,B,错误
2194,当前，减肥的方法可谓多种多样，有控制饮食、运动、吸脂、药物疗法等等。,A,正确
2195,对人体的运动负荷进行评价，可以减少在运动过程中走弯路。（ ）,A,正确 
2196,对于一般体育锻炼者来说，没有必要每天都进行力量训练，如果每天都进行力量练习，会造成整体机能的不协调发展。（）,A,正确
2197,肺活量指数=肺活量/身高（cm） （ ）,B,错误
2198,患心血管疾病的人，参加剧烈运动时要谨慎，严重可导致猝死。（）,A,正确 
2199,健康只包括生理健康、心理健康。,B,错误
2200,健康而强壮的身体是人适应社会变革的物质基础（）,A,正确
2201,健康是一种在身体上，精神上，道德上和社会适应上的完美状态。,A,正确  
2202,健康是一种在生理上、精神上适应的完好状态（）,B,错误
2203,经常参与身体运动的人，往往精神也是愉快的（）,A,正确
2204,科学锻炼的原则是锻炼者必须遵循的基本准则，要获得良好的体育锻炼效果，就必须自觉遵循体育锻炼的基本原则。,A,正确
2205,克托莱指数（体重×身高×1000）被认为是反映人体形态发育水平的匀称度的有效指标。 （ ）,B,错误
2206,评定肥胖程度时应作体脂百分比测定。体脂百分比男性超过25%，女性超过30%--35%。即为肥胖。,A,正确
2207,评定运动负荷的最常用指标是心率。,A,正确
2208,轻松的全身活动或做些柔软体操是消除疲劳方法之一。 （ ）,A,正确
2209,缺乏一定体育锻炼基础的人，或中断体育锻炼过久的人，不宜参加紧张激烈的比赛活动。,A,正确
2210,人的体质健康就是指人的身体健康。,B,错误
2211,人的体质是因人而异的（）,A,正确
2212,人际关系不会影响到人的寿命与健康（）,B,错误
2213,人体在剧烈运动后先产生“二次呼吸”后产生“极点”（）,B,错误
2214,如果一个人性情暴躁、情绪激动，他可能还是处于一个健康状态（）,B,错误
2215,散步健身的运动方法只对于老年体弱者有用。（ ）,B,错误
2216,上代人的健康状态不会直接影响到下代人的遗传基础（）,B,错误
2217,社会适应是指人自身适应社会环境的变化和发展过程中处于良好状态（）,A,正确
2218,生理机能水平高是指机体新陈代谢旺盛，各器官、系统工作效能高（）,A,正确
2219,适当的运动可以很好地调节人体的免疫功能，提高机体的抗病能力。（）,A,正确
2220,体育健身学是我们必须掌握的一门科学，教会我们如何运动可以有效的达到健身的效果。（ ）,A,正确 
2221,体质健康监测可以让学生及时了解自己的体质健康状况，调整学习和锻炼的目标。,A,正确
2222,完美而健康的人是没有个性特征的（）,B,错误
2223,稳定的社会和和平的环境有利于人体的健康和人的生存（）,A,正确
2224,狭义上的健康就是身体无病、不虚弱（）,A,正确
2225,心理健康基本标准是吃得饱，睡得香。,B,错误
2226,心理健康是指人在情绪、意志、平衡人际和社会关系等方面处于良好状态。,A,正确  
2227,要想身体健康，必须用尽全力去运动（）,B,错误
2228,饮食、睡眠、劳动等都是影响人体健康的因素。,A,正确  
2229,雨雪天气，路面湿滑，所以尽量避免在雨雪中行走健身。（ ）,A,正确 
2230,运动处方通常包括运动目的、运动项目、运动强度、运动时间、运动频度、注意事项等六个组成部分。,A,正确
2231,运动强度是指运动时的剧烈程度。一般是以每分钟的心率来表示。,A,正确
2232,运动后可以大量饮水（）,B,错误
2233,运动中和运动后的饮水，应按少量多次为原则。（）,A,正确 
2234,在人体组成中，水的含量最高，约占人体重65%（）,A,正确
2235,坐立体前屈可发展腰部、腿部部位的柔韧性（）,A,正确 
2236,只要多运动，便可以达到减肥的目的。（）,B,错误
2237,只要运动就可以达到体育健身的要求。,B,错误
2238,亚健康是指人出现了机体疾病。（）,B,错误
2239,健康是指身体无疾病的状态。(    ),B,错误
2240,据世界卫生组织宣布（1988年），每个人的健康60%取决于自己，15%取决于遗传，10%取决于社会因素，8%取决于医疗条件，7%取决于生活环境和地理气候条件的影响。（    ）,A,正确
2241,影响健康的因素包括：合理的饮食、适当的体育锻炼和保持良好的睡眠。 （    ）,A,正确
2242,《国家学生体质健康标准》要求本科生每学年测试一次。（）,A,正确
2243,《国家学生体质健康标准》中针对身体残疾或因病不能参加测试的本科生可以申请免于测试。（）,A,正确
2244,《国家学生体质健康标准》中引体向上评价学生的肌肉力量与耐力。（）,A,正确
2245,《国家学生体质健康标准》中仰卧起坐评价学生肌肉力量与耐力。（）,A,正确
2246,《国家学生体质健康标准》中立定跳远评价学生下肢力量与爆发力。（）,A,正确
2247,《国家学生体质健康标准》中BMI大于28，测评价为肥胖。（）,A,正确
2248,.有氧运动是采取中小强度，持续运动一定时间，通过练习可以提高人体心肺功能，燃烧体内多余脂肪的一种运动。,A,正确
2249,《国家学生体质健康标准》中50米跑评价学生速度素质。（）,A,正确
2250,《国家学生体质健康标准》得分为85则评价等级为优秀（）,B,错误
2251,《国家学生体质健康标准》得分为90则评价等级为优秀（）,A,正确
2252,《国家学生体质健康标准》得分为70则评价等级为中等（）,B,错误
2253,《国家学生体质健康标准》得分为75则评价等级为及格（）,A,正确
2254,《国家学生体质健康标准》测试项目有10项（）,B,错误
2255,《国家学生体质健康标准》测试中所有项目均是必测项目（）,A,正确
2256,生活方式是影响体质健康的最主要因素（）,A,正确
2257,运动不足属于不良生活方式（）,A,正确
2258,健康的四大基石包括合理膳食、适量运动、戒烟限酒、心理平衡（）,A,正确
2259,久坐不动是人类健康的杀手（）,A,正确
2260,日常生活中增加非运动性热量消耗对健康无益（）,B,错误
2261,日常生活中应尽量避免让身体连续静坐超过1小时（）,A,正确
2262,高强度间歇训练适合于任何人群（）,B,错误
2263,所有人都可以从HIIT运动中获益（）,B,错误
2264,测定最大摄氧量可以反映一个人的心肺耐力水平（）,A,正确
2265,在进行肌肉力量练习时应该从小肌群开始训练（）,B,错误
2266,肌肉力量训练应该每天都坚持（）,B,错误
2267,肌肉力量主要是指肌肉持久做功的能力（）,B,错误
2268,肌肉耐力是指肌肉瞬间的负重和爆发力（）,B,错误
2269,心肺功能是指人的摄取氧气和转化氧气成为能量的能力（）,A,正确
2270,有氧运动是大肌肉群参与的运动，其强度大，有节奏，持续时间长（）,B,错误
2271,心肺耐力训练一般以有氧运动为主（）,A,正确
2272,一般可以用运动中的心率来反映运动强度（）,A,正确
2273,身体柔韧性与运动损伤密切相关（）,A,正确
2274,运动处方因人而异，包括运动项目、内容、强度、次数、时间等要素（）,A,正确
2275,体质就是人体的质量，是遗传获得的，后天不可改变（）,B,错误
2276,体质是人体维持良好健康状态的能力，健康是体质的外在表现（）,A,正确
2277,健康是一种动态的平衡，维持这种动态平衡的能力就是体质（）,A,正确
2278,患有哮喘或心脏病的学生，可以申请免于测试，毕业时不颁发体质健康等级证书（）,A,正确
2279,江苏省高等院校本科毕业生参加毕业学年的体质健康测试，根据测试成绩颁发体质健康等级证书，不及格和免于测试的学生不颁发证书（）,A,正确
2280,国家学生体质健康标准大学部分，所有年级的评价标准一致（）,B,错误
2281,国家学生体质健康标准大学部分，大一大二年级的评价标准一致，大三大四的评价标准一致（）,A,正确
2282,国家学生体质健康标准的学年总分由标准分与附加分之和构成，满分为120分（）,A,正确
2283,国家学生体质健康标准中，标准分由各单项指标得分与权重乘积之和组成，满分为100分。（）,A,正确
2284,大学的加分指标为男生引体向上和1000米跑，女生1分钟仰卧起坐和800米跑，各指标加分幅度均为10分。（）,A,正确
2285,"奥林匹克运动会包括夏季奥运会和冬季奥运会,两者均（  ）年举行1次。",C,4年
2286,奥运会开幕式，以下哪个国家是第一个入场的队伍。（  ）,B,希腊
2287,北京奥运会的口号是（  ）。,A,同一个世界、同一个梦想
2288,2022年第24届冬季奥林匹克运动会举办城市是北京和（   ）联合举办。,C,张家口
2289,2022年第24届冬季奥林匹克运动会的吉祥物是（    ）。,B,冰墩墩
2290,具有我国民族特色的传统体育项目是（  ）。,B,武术
2291,以下奥运项目没有男性参加的是（  ）。,D,艺术体操
2292,培养学生团结协作的运动项目是（  ）。,C,排球
2293,以下哪项不是男子体操比赛项目。(  ),D,平衡木
2294,以下哪种项目不是属于测量类竞赛项目。（  ）,D,射击
2295,体育的本质是以身体锻炼为基本手段，以（  ）为主要目的，这是体育区别于其他社会活动的本质特点。,A,增强体质
2296,（）狭义概念是一个发展身体，增强体质，传授锻炼身体的知识、技能，培养道德和意志品质的教育过程；是对人体进行培育和塑造的过程；是教育的重要组成部分；是培养全面发展的人的一个重要方面。,C,体育
2297,体育课程将“（  ）”的指导思想作为选编教学内容的基本出发点，坚持健身性与文化性相结合，科学性和可接受性相结合，坚持民族性与世界性相结合，开设兴趣选择项目。,C,健康第一
2298,体育课程对部分身体异常和病残、体弱等特殊群体的学生，开设以（）的体育课程。,B,康复保健为主
2299,竞技体育是为了最大限度的发挥个人和集体的运动能力去争取优异的成绩而进行的（  ）。,A,运动训练
2300,以下哪些是健康的标志。 (   ),B,乐观开朗
2301,危害健康的行为有。(    ),A,吸烟酗酒
2302,经常参加体育锻炼的人，以下错误的是。（）,D,心理更加消极
2303,健身最主要的本质功能是。（）,B,促进健康增强体质
2304,体育运动对人体骨骼产生的影响，以下错误的是（）。,D,抗辐射
2305,体重轻于正常标准的学生体质类型为（）。,C,消瘦型
2306,科学家研究发现，身体发胖前往往会出现一些异常现象，如能及时注意或可防范于未然。以下哪种不是人体发胖前的预兆。（）,D,厌食
2307,（）是世界公认的预防肥胖的经济有效、无毒副作用的方法和根本措施，也是终身科学地控制体重的最佳方案。,B,饮食调节结合适量运动
2308,属于《国家学生体质健康标准》的测试项目的是。（）,D,立定跳远
2309,《国家学生体质健康标准》的测试项目中属于耐力项目的是（）。,C,1000米
2310,力量、速度、耐力、灵敏、柔韧五项素质总称为（）。,A,身体素质
2311,（）是指人体长时间持续运动和对抗疲劳的能力。,B,耐力素质
2312,柔韧素质测定的方法是（）。,C,坐位体前屈
2313,50米跑是反映的是人体的什么素质。（）,A,速度素质
2314,为了达到体育锻炼的目的，提高锻炼效果，在锻炼中我们应遵循（）原则。,D,循序渐进原则
2315,以下不属于体育运动对现代生活方式的改善是（）。,B,生活步调完全以体育运动为中心，忽略对家庭与朋友的关心
2316,贯彻体育锻炼持之以恒原则，应该注意()。,B,锻炼要有恒心贵在坚持
2317,根据学生的身体情况和兴趣爱好在制定锻炼任务、内容、方法时，必须有所区别于他人的锻炼身体的基本原则是（）。,B,因人而异原则
2318,发展速度素质的方法是()。,C,最快的动作练习
2319,发展灵敏素质的有效方法是下面哪种。( ),A,图形方向变换跑
2320,负重锻炼法是使用（）等重物进行身体运动来锻炼身体的方法。,A,杠铃
2321,()是指肌肉紧张或收缩时所表现出来的一种能力。,B,力量
2322,速度是指人体快速运动的能力，速度可分为（）、动作速度、移动速度。,D,反应速度
2323,以下能有效增加肺活量的锻炼项目有（）。,B,游泳
2324,下列项目不属于腰腹肌肉力量练习的是（）。,B,俯卧撑
2325,（）对增强呼吸系统摄取氧、心血管系统载荷及输送氧的能力，以及组织的有氧代谢利用的能力有显著的训练作用。,A,耐力练习
2326,长期从事耐力训练的运动员，心脏肥大的情况一般为（）。,B,心室腔扩大
2327,以下能增强腹部肌肉力量和耐力的方法有（）。,D,仰卧起坐
2328,下列克服自身体重阻力的练习方法是（）。,A,单杠引体向上
2329,体育锻炼的运动量应掌握在（）。,A,不影响第二天的工作、学习、生活为标准
2330,以下不属于预防运动中暑的方法有。（）,B,在高温炎热环境下下要发扬不怕苦的精神，加大运动量和强度
2331,冬季体育锻炼应该做到（）。,D,大雾天不要锻炼
2332,了解体育锻炼过程中疲劳产生的机制，掌握合理的辨别疲劳的方法并有效的（ ）运动性疲劳，对于增进人体健康有着十分重要的意义。,B,消除
2333,初级锻炼者必须遵循循序渐进的原则，运动量和运动强度要逐渐加大，切不可冒进。过度运动后要（）运动量和运动强度，进行调整性练习。,A,降低
2334,体育锻炼的从实际出发的原则是指锻炼身体应从（）的实际情况和外界环境条件的实际出发，确定锻炼目的、选择适宜的运动项目、合理地安排运动时间和运动负荷。,A,个人
2335,()是指在不改变动作结构及其外部运动负荷的情况下，按一定要求反复练习，各次(组)练习之间的间歇时间要使运动员完全恢复，每一次练习都要在完全恢复条件下进行的训练方法。,B,重复训练法
2336,两次练习之间有一个严格控制休息时间的间歇阶段，并且这个间歇阶段的长短是通过测量练习者的心率来控制的。关键点是练习者要在尚未完全恢复体力时便开始下一组练习。这种训练方法称为（ ）。,D,间歇训练法
2337,下面哪一个不是消除运动性疲劳的方法。（）,D,随心所欲法
2338,以下哪些是运动过度的表现。 (),C,疲劳不能及时消除
2339,下面不属于运动过度的表现是（）。,D,动作灵敏，反应快
2340,一位同学没吃早饭，上体育课时感到头晕，他补充（）能最快获得能量。,D,葡萄糖
2341,我们应该有的安全意识是（    ）。,D,安全防范时刻牢记
2342,高校容易发生盗窃案件的时间是（    ）。,B,新生报到期间和放假前
2343,遇到抢劫时错误的做法是（   ）。,C,坚决反抗，抵死夺回财物
2344,夏季易发生盗窃案件的主要原因是（      ）。,A,开门窗时间较多
2345,操场防盗错误的是（  ）。,D,操场视野好很安全
2346,银行卡防盗以下说法正确的是（）。,D,以上都是错误的
2347,学生宿舍预防火灾以下说法错误的是（      ）。,B,可以在宿舍使用酒精炉
2348,当身上衣服着火时，可立即（      ）,D,就地打滚压灭身上火苗
2349,当寝室、教室发生火灾时，以下逃生方法正确的是（   ）。,C,迅速用湿毛巾捂住口鼻，披上浸湿的衣服、被褥等，匍匐向安全出口方向逃离
2350,中国参加的历届奥运会中，获得奖牌数最多的是（  ）年。,C,2008
2351,大学体育对大学生（）教育培养以及人格、品质的陶冶塑造的积极、独特的作用。,C,身体、心理的
2352,环境对健康的影响主要包括自然环境中的气候、（）、水、阳光等。,C,空气
2353,生活方式是个非常复杂的问题，但是对（）的影响是极其深远的。,A,健康
2354,健身运动后以补充（）为佳，也可饮用菜汁、果汁、咸菜汤等。,D,糖盐水
2355,现代第一届夏季奥运会在（  ）举行。,B,雅典
2356,第一个参加奥运会的中国运动员是（  ）。,A,刘长春
2357,大学体育的基本目标是根据大多数学生的基本要求而确定的，分为运动参与目标、（）、身体健康目标、心理健康目标、社会适应目标5 个领域目标。,D,运动技能目标
2358,高等教育担负着为国家培养高级专门人才的重任。在高等院校里主要通过德育、智育、（）、美育和专业教育这几个方面对学生进行培养。,A,体育
2359,大学体育文化是学校教育的重要组成部分，大学体育文化的功能有（）、情操陶冶功能、心理疏导功能、社会实践功能。,B,教育功能
2360,根据体育实践的基本特征和功能等综合因素，可以把体育划分为三个基本形态：（）、竞技体育和社会体育。,C,学校体育
2361,在推动素质教育实施、促进人的全面发展方面，（）是一个重要的途径，它在我国实现教育现代化、健康中国建设、人才强国以及中华民族伟大复兴的战略目标上发挥着不可或缺的价值。,A,学校体育
2362,大学体育兼有课程、文化、实践等多种育人形式和载体，因而要充分挖掘梳理大学体育所蕴含的（）要素，推动大学体育向集专业知识教育与思想政治教育于一体的重要阵地的转化，使思想政治教育融入大学体育各环节。,D,思想政治教育
2363,（）是指人体的质量，它是在遗传性与获得性的基础上表现出来的人体形态结构、生理功能、运动素质和适应能力等方面的综合的、稳定的特征。,A,体质
2364,()是指在身体、心理和社会各方面都达到完美的状态，而不仅仅是指没有疾病。,B,健康
2365,体质健康会受到许多因素的影响和制约，归纳起来主要有四个因素：环境因素、（）、行为和生活方式、卫生医疗因素。,D,生物学因素
2366,最古老的足球起源于（）时期。,A,中国战国
2367,美国职业篮球联赛的简称（）。,B,NBA
2368,排球基本技术有垫球、传球、发球、（）和拦网。,D,扣球
2369,被称为“桌上的网球”的运动项目是（）。,A,乒乓球
2370,羽毛球的握拍方法有正手握拍法和（）。,B,反手握拍法
2371,（）与高尔夫球、保龄球、桌球并称为世界四大绅士运动。,D,网球
2372,（）是在音乐的伴奏下，以身体练习为基本手段，以有氧运动为基础，集体操、舞蹈、健身、娱乐一项体育运动。,C,健美操
2373,（）俗称玩龙灯，是一种起源于中国的传统文化体育活动。,A,舞龙
2374,（）起源于朝鲜半岛，早期是由朝鲜三国时代的跆跟、花郎道演化而来的韩国民间流行的一项技击术。,D,跆拳道
2375,（）是指肌肉长时间对抗疲劳的能力，即肌肉在长时间内进行收缩活动的能力。,C,肌肉耐力
2376,人体氧运输系统由呼吸系统、血液和（）共同组成。,A,心血管系统
2377,肌肉收缩时长度不变，张力增加的收缩称（）。,D,等长收缩
2378,（）是指由运动引起的人体运动能力暂时下降的生理现象。,B,运动性疲劳
2379,（）是人体运动在氧供应充分的条件下，由糖和脂肪参与有氧代谢供能。,A,有氧运动
2380,现代奥林匹克运动会的发起人是顾拜旦。（）,A,对
2381,2014年第二届青奥会在南京举行。（）,A,对
2382,2022年冬残奥会的吉祥物是“雪容融”。（）,A,对
2383,中国女排的夺得了2019年女排世界杯冠军。（）,A,对
2384,足球比赛每队有11人在场上。（）,A,对
2385,乒乓球和羽毛球比赛规则相同。（）,B,错
2386,在篮球比赛中，三分线内的投篮命中得一分。（）,B,错
2387,排球运动中，可以用脚将球击打至对方区域。（）,A,对
2388,在游泳时，需要憋气，一口气游下去。（）,B,错
2389,健美操运动可以起到健身的效果，但是只限于女生。（）,B,错
2390,人的健康不仅包括生理健康而且包括心理健康。（）,A,对
2391,心理健康基本标准是吃得饱，睡得香。（）,B,错
2392,健康是一种在身体上，精神上，道德上和社会适应上的完美状态。（）,A,对
2393,饮食、睡眠、劳动等都是影响人体健康的因素。（）,A,对
2394,人的体质是因人而异的。（）,A,对
2395,对身体锻炼的兴趣、爱好和养成锻炼的习惯是形成终身体育的重要因素。（）,A,对
2396,懒惰的生活方式是一个日益扩大的、全球性的对健康的威胁。（）,A,对
2397,大学生在学校群体生活中，要时刻注意养成良好的学习生活习惯，学会有规律的生活。这有利于大学生科学用脑，排除心理障碍，促进心理健康。（）,A,对
2398,在现代生活中，卫生意识不强，会严重影响人体的生长发育和健康。（）,A,对
2399,无规律的加班不会对健康有影响。（）,B,错
2400,只要运动就可以达到体育健身的要求。（）,B,错
2401,适当的运动可以很好地调节人体的免疫功能，提高机体的抗病能力。（）,A,对
2402,"现代青少年儿童中, 近视、肥胖、精神障碍等疾病的发病率极高, 而这些疾病的病因大多与学习压力大, 缺乏身体运动以及营养过剩等生活方式有关。（）",A,对
2403,体育运动可以缓解、转移现代生活方式所造成的疲劳。（）,A,对
2404,运动可以调节人的不良情绪。（）,A,对
2405,身体运动只注重于个人锻炼，减少运动中的交流活动。（）,B,错
2406,经常参与身体运动的人，往往精神也是愉快的。（）,A,对
2407,运动对人的痛苦和忧愁没有帮助。（）,B,错
2408,在夏天由于天气较热，进行体育活动前可以不做准备活动。（）,B,错
2409,患心血管疾病的人，参加剧烈运动时要谨慎，严重可导致猝死。（）,A,对
2410,身体运动间歇和运动后可以大量饮水。（）,B,错
2411,运动中和运动后的饮水，应按多次少量为原则。（）,A,对
2412,健身后，大汗淋漓时不能洗冷水浴。（）,A,对
2413,健身后不能贪吃冷饮。（）,A,对
2414,熬夜后第二天早起跑步有利健康。（),B,错
2415,饭后立即运动，会使参与胃肠消化的血液又重新分配，流向肌肉和骨骼，从而影响食物的消化和吸收，而且还会因肠胃的震荡及牵扯而出现腹痛、恶心、呕吐等不良症状。（）,A,对
2416,人体运动前后可以饮酒。（）,B,错
2417,睡觉前不能做剧烈身体运动。（）,A,对
2418,初级锻炼者可以照搬别人的锻炼方法。（）,B,错
2419,不合理的运动负荷，也可以起到运动健身的效果。（）,B,错
2420,要想身体健康，必须用尽全力去运动。（）,B,错
2421,体育健身具有意识性、全面性、循序渐进性等原则。（）,A,对
2422,体育健身主要是为了娱乐。（）,B,错
2423,散步健身的运动方法只对于老年体弱者有用。（）,B,错
2424,体育运动从实际出发的原则是指锻炼身体应从个人的实际情况和外界环境条件的实际出发，确定锻炼目的、选择适宜的运动项目、合理地安排运动时间和运动负荷。（）,A,对
2425,雨雪天气，路面湿滑，所以尽量避免在雨雪中行走健身。（）,A,对
2426,在体育锻炼中可以以某一项为主，其他项目为辅。（）,A,对
2427,负重跑可以随意选择重量，绑在身体的任何位置都可以。（）,B,错
2428,力量是指肌肉紧张或收缩时所表现出来的一种能力。（）,A,对
2429,通过身体的运动增进人体健康是最科学、最经济、最有效手段。（）,A,对
2430,灵敏是指在多变的运动环境中迅速改变身体位置的能力。（）,A,对
2431,柔韧性训练的基本方法是间歇训练法。（）,B,错
2432,晨脉搏是人体在早晨时候的脉搏。（）,A,对
2433,轻松的全身活动或做些柔软体操是消除疲劳方法之一。（),A,对
2434,按摩是一种有效的消除运动疲劳的手段。（）,A,对
2435,对于一般体育锻炼者来说，没有必要每天都进行力量训练，如果每天都进行力量练习，会造成整体机能的不协调发展。（）,A,对
2436,诈骗是指一种以非法占有公私财物为目的，用虚构事实或隐瞒真相的方法骗取款额较大的公私财物的行为。（）,A,对
2437,大学生智商很高，很不容易受骗。（）,B,错
2438,非常关注对方身份地位的交友方式对于大学生防骗是有益的。（）,B,错
2439,网络诈骗一般是利用欺诈性的电子邮件和造假的互联网站来进行。（）,A,对
2440,不外漏财物是防盗的一种措施。（）,A,对
2441,大学生在宿舍不要使用大功率电器，宿舍无人时不要使用充电器给手机充电。（）,A,对
2442,火灾逃生时，可用湿毛巾折叠捂住口鼻，起到过滤烟雾的作用，不到紧急时刻不要大声呼叫或移开湿毛巾，且须采取匍匐的方式前进逃离。（）,A,对
2443,当发生火灾时，在迅速撤离的同时及时报警。（）,A,对
2444,如果掌握了游泳技术，就可以去江河、水库等地方游泳。（）,B,错
2445,生命活动或运动过程中能量供应的能源物质是（    ）,A,糖、脂肪和蛋白质
2446,根据糖的分子结构可分为（      ）,C,单糖、双糖、多糖
2447,（     ）释放能量是人体运动或活动的唯一能量来源,D,有机物质氧化分解
2448,最易被人体吸收的糖是（    ）,B,葡萄糖、果糖、半乳糖
2449,经消化酶作用可分解的糖和经淀粉酶催化可分解的糖分别是（   ）,A,双糖、多糖
2450,肝糖原、肌糖原、血糖在人体内的贮量分别为(   )左右,D,100克、400克、5克
2451,肌糖原贮量愈高运动员运动至疲劳的时间愈长冲刺能力愈强运动水平愈高。训练水平较高的运动员肌糖原贮量可高达（              ）克左右,B,600-800
2452,每克葡萄糖完全氧化可释放能量（   ）千卡,C,4
2453,机体最主要的供能物质是（    ）,A,糖类
2454,当酮体在血液中达到一定浓度即发生酮病引起(   ),C,酸中毒
2455,糖、脂肪、蛋白质分解代谢中彻底氧化释放能量的共同途径是（       ）,D,三羧酸循环
2456,具有保肝解毒作用的是（  ）,B,肝糖原
2457,给高水平运动员补糖大多补充（  ）,A,低聚糖
2458,某运动员体重50kg赛前约补充糖（  ）为宜,B,50
2459,每克脂肪在体内可供给（  ）千卡能量,C,9
2460,"运动可增加血液中(   )的含量加速血中胆固醇的运输与排出
对于防止动脉硬化起着重要作用",D,高密度脂蛋白
2461,最理想的优质蛋白质食物是(   ),C,大豆
2462,世界卫生组织建议每人每天食盐用量为（  ）,B,6克
2463,我国第一部营养学专著是（   ）。,C,《饮膳正要》
2464,营养物质消化和吸收的主要场所是 (  )。,A,小肠
2465,胃液的pH值大概为（ ）。,D,9月15日
2466,下列不属于小肠消化液的是（   ）。,C,胃酸
2467,唾液对（    ）具有简单的消化作用。,B,淀粉
2468,胃酸是由（  ）构成的,C,盐酸
2469,胃液对（ ）具有简单的消化作用。,D,脂肪
2470,肝脏主要是用来帮助（  ）消化与吸收。,C,脂肪
2471,大肠主要是吸收(   ）。,D,水
2472,下列部位不具有消化功能的是（）。,D,大肠
2473,氨基酸在小肠内的吸收属于（）。,A,主动转运
2474,膳食蛋白质中非必需氨基酸（   ）具有节约蛋氨酸的作用。,A,半胱氨酸
2475,婴幼儿和青少年的蛋白质代谢状况应维持（ ）。,D,正氮平衡
2476,评价食物蛋白质的质量高低，主要看（ ）。,C,蛋白质含量、氨基酸含量、消化吸收率
2477,蛋白质的互补作用是指（ ）。,C,几种营养价值较低的蛋白质混合食用，以提高其生物学价值的作用
2478,下列哪组氨基酸是人体必需氨基酸？（ ）,D,蛋氨酸、赖氨酸
2479,在哪种情况下，机体为正氮平衡（ ）。,C,生长发育
2480,植物蛋白质的消化率低于动物蛋白质，是因为（    ）。,B,蛋白质被纤维包裹，不易与消化酶接触
2481,不饱和脂肪酸含量较多的食品是（     ）。,A,海鱼
2482,在以下食物中饱和脂肪酸含量最低的油脂是 （ ）。,A,鱼油
2483,下列属于人体必需的脂肪酸为（   ）。,A,亚油酸
2484,下列具有保护皮肤，免受射线损伤生理功能的为（    ） 。,B,亚油酸
2485,下列可直接被人体吸收的单糖（）。,C,葡萄糖
2486,下列不属于多糖的是（  ）。,D,麦芽糖
2487,下列不被人体吸收，但对人体具有重要的生理意义的是（ ）。,B,膳食纤维
2488,碳水化合物的保肝解毒作用是通过（   ）与有毒物质结合排出体外。,C,葡萄糖醛酸
2489,衡量体内碳水化合物变化的重要指标是（ ）。,A,血糖
2490,正常情况下，大脑所需能量的主要来源是（   ）。,B,葡萄糖
2491,以下不属于膳食纤维的是（   ）。,D,果糖
2492,中枢神经系统只能靠（  ）供能，故对维持组织神经功能有重要作用。,B,碳水化合物
2493,维持人体基本生命活动的能量消耗是（      ）。,B,基础代谢
2494,中国营养学会推荐成人的脂肪摄入量应控制在总能量的（ ）,B,25%～30%
2495,中国营养学会推荐成人蛋白质摄入量应控制在总能量的（）。,A,11%-15%
2496,人体衰老过程基础代谢率变化是（    ）。,A,基础代谢率下降
2497,对血脂偏高的老年人，应有所限制的食物是（    ）。,D,猪肉和内脏
2498,膳食调查的目的是（    ）。,C,了解膳食组成及营养素摄取情况
2499,在膳食营养评价中，动物性和豆类蛋白占总蛋白质摄入量的  （ ），可判定蛋白质质量为良好。,B,50%
2500,一日三餐的能量摄入分配合理的是（   ）。,A,早餐30%中餐40%晚餐30%
2501,一男子20岁，身高170cm，体重70kg，其体质属于（ ）。,B,正常
2502,与能量代谢有关的维生素是下列哪一个 （  ）。,D,维生素B1
2503,下列哪种维生素具有极好的抗氧化活性？）,D,维生素E
2504,人体通过日照，皮肤中会产生那种维生素（ ）。,B,维生素D
2505,对血脂偏高的老年人，应有所限制的食物是（）。,D,猪肉和内脏
2506,男性标准体质指数（BMI）为（ ）。,D,19-24
2507,女性标准体质指数（BMI）为（ ）。,A,20-25
2508,下列不属于引起肥胖的原因的是（      ）。,D,糖尿病
2509,一个成年20岁男生，身高175cm，他的理想体重是（）kg。,B,70
2510,（    ）对于提高抵抗力、增粗肌纤维、保持肌肉线条有很好的帮助作用。,C,蛋白质
2511,健身运动后以补充（  ）为佳，也可饮用菜汁、果汁、咸菜汤等。,C,糖盐水
2512,经常参加体育锻炼的人一天至少食用新鲜蔬菜（   ）克，品种有 2—3种，植物油 20—30 克。,A,500
2513,运动后应休息（  ）小时后进食。,C,1
2514,运动者每天应保证（  ）个小时的充足睡眠，使机体处于完全放松状态。,B,8—9
2515,运动后用水消除疲劳以温水为宜，应控制在（  ）度左右，每次 15—20 分钟。,A,40
2516,运动后应多吃些富含碱性的食物保持体内酸碱平衡，如水果、蔬菜（    ）。,C,豆制品
2517,心肺功能是指人摄氧和氧运输的能力，是把氧气和(     )运送到组织，同时把代谢废物（如二氧化碳）排出体外的能力。,C,营养物质
2518,有效提高肺活量的运动方式有：（    ）、跳绳、骑自行车、水中步行。,C,步行和慢跑
2519,运动中能量消耗的主要来源是(     )两者供能的比例取决于运动强度和运动时间。,B,糖和脂肪
2520,世界卫生组织曾于 1997 年指出：人的健康与寿命（   ）取决于自己。,C,70%
2521,研究显示，在运动后的 （     ） 小时内，身体合成肝糖的效率最高。,A,2
2522,建议在耐力性运动前 2 小时饮用 （     ）毫升左右的水（可分两次喝）。,B,600
2523,热量物质的比例指三大营养素（蛋白质、脂肪及糖类）的比例，比例的高低影响（     ）和运动能力。,B,机体代谢
2524,一般来说，东方人 3 种营养素的百分比为：蛋白质 13%，脂肪 22%，糖类,A,65%
2525,人体生命的存在与活动离不开营养。,A,正确
2526,人体必需从不同种类的食物中摄取所需要的各种营养素。,A,正确
2527,运动可以增强物质（尤其是脂类）代谢，从而延缓组织器官衰老，提高机体免疫力。,A,正确
2528,身体运动一般在饭后15分钟进行。,B,错误
2529,短时间大强度运动时的热能，几乎全部由糖供给。,A,正确
2530,氨基酸为能量的“最佳补给手”。,B,错误
2531,调整体内水及电解质平衡的唯一途径是喝水或饮料。,A,正确
2532,维生素在体内能大量合成。,B,错误
2533,缺乏维生素E易引起牙龈肿胀、出血。,B,错误
2534,维生素B1在能量代谢和糖代谢生成ATP的过程中起着重要作用。,A,正确
2535,维生素B1对运动员肌肉耐力没有直接影响,B,错误
2536,维生素B2与人体细胞呼吸有关，因此，在有氧耐力运动中起重要作用。,A,正确
2537,维生素按其溶解性质，分为脂溶性和水溶性两大类。,A,正确
2538,维生素A是一种重要的抗氧化营养素，有消除自由基，减少脂质氧化的作用。,B,错误
2539,成年男性每天摄入蛋白质70克，女性60克以上，非但对身体无益，还可能破坏体内营养素的平衡，影响钙质的正常吸收。,A,正确
2540,月经量过多的女性，应注意适当补充钙。,B,错误
2541,月经量过少的女性，则要适当补充铁。,B,错误
2542,耐力性项目的运动员，三大营养素重量比例可为=1:2:7。,B,错误
2543,血糖浓度在用餐后二小时半至三小时便开始下降，接着引起疲劳感，且降低运动效率,A,正确
2544,大量进食后3-4小时，才可进行激烈训练。,A,正确
2545,花粉、蜂王浆富含维生素B、维生素C等。,B,错误
2546,在热环境下激烈运动时，补充水分的重要性大于补充糖类及电解质。,A,正确
2547,在30-60mim的运动时间中，水份可谓是最经济及实用的补充液体。,A,正确
2548,"建议在耐力性运动前二小时，最好饮用600ml左右的水(可分两次喝) ,拒绝喝水将使身体失去散热作用。",A,正确
2549,运动及比赛期间的饮水，大部分的研究都认为每隔5-10min喝200-300ml的饮料为较适当的方法。,B,错误
2550,在运动前补充饮料比运动后恢复期更重要。,A,正确
2551,运动前以低糖类、高脂肪的食物为主。,B,错误
2552,人体通过进食等方式摄取营养物质，任何-种食物不可能包含人体所需要的一切营养素，因此，人体要从多种食物中获取各种营养素。,A,正确
2553,脂肪是构成细胞的重要成分，但脂肪不具有储存热能、调节体温和维持脏器的作用。,B,错误
2554,在有氧或无氧条件下，糖都能分解出热能。,A,正确
2555,人体每天所需要的热量有1%-14%左右来自糖。,B,错误
2556,"运动后，补充维生素C有利于减轻疲劳，缓解肌肉酸痛，增强体能及保护细胞免于自由基损伤,但不能过量补充。",A,正确
2557,饮食需要按时进餐，荤素搭配，保持营养均衡。,A,正确
2558,人体发胖首先就从腰腹部开始，腰腹部的皮下脂肪很容易积留起来，体型发生变化最早而又最明显的部位就是腰腹部。,A,正确
2559,减肥过程中吃的脂肪越少越好。,B,错误
2560,当前，减肥的方法可谓多种多样，有控制饮食、运动、吸脂、药物疗法等等。,A,正确
2561,运动后可以饮用含有咖啡因的饮料。,B,错误
2562,钙是人体所需要的重要元素，一天中晚上是最好的补钙时间。,A,正确
2563,健身后不能贪吃冷饮。,A,正确
2564,空腹跑步有利健康。,B,错误
2565,我国平衡膳食宝塔中注明，一天的营养摄入中可以不包括豆制品，但一定要包括奶制品。（    ）,B,错误
2566,饭后立即运动，会使参与胃肠消化的血液又重新分配，流向肌肉和骨骼，从而影响食物的消化和吸收，而且还会因肠胃的震荡及牵扯而出现腹痛、恶心、呕吐等不良症状。,A,正确
2567,运动中和运动后的饮水，应按多量少次为原则。,B,错误
2568,在人体组成中，水的含量最高，约占人体重65%。,A,正确
2569,人在体育锻炼后，应多吃些富含碱性的食物，如水果、蔬菜、豆制品等，以利于保持人体内酸碱度的基本平衡。,A,正确
2570,老张没吃早饭，接近中午时感到头晕，他补充巧克力能最快获得能量。,A,正确
2571,由于力量练习造成的疲劳应以补充肉类、牛奶等蛋白质为主要的合理营养。,A,正确
2572,一般来说一日三餐中最重要的是吃好晚餐,B,错误
2573,人体获得和利用食物的综合过程称为物质代谢,A,正确
2574,身体运动间歇和运动后可以大量饮水。,B,错误
2575,人体运动前后可以饮酒。,B,错误
2576,睡觉前不能做剧烈身体运动。,A,正确
2577,长期不吃早餐，中餐也随便对付，晚餐猛吃一通，会造成肌肉减少、脂肪增加。,A,正确
2578,膳食纤维的主要功能有刺激消化液的分泌、增加粪便量及排便次数、为正常存在于大肠内的菌群提供发酵底物。,A,正确
2579,人体通过日照，皮肤中会产生维生素A、维生素E。,B,错误
2580,在米的淘洗过程中，主要损失的营养素是蛋白质。,B,错误
2581,母乳中比较缺乏的营养素是铁。,A,正确
2582,维生素C缺乏可引起牙龈出血、伤口愈合慢。,B,错误
2583,可用于预防婴幼儿患巨幼红细胞性贫血的维生素是维生素B6。,B,错误
2584,我国居民传统膳食特点是以肉类食物为主。,B,错误
2585,以米和水果为主的膳食可使高血压者血压降低,A,正确
2586,对血脂偏高的老年人，应有所限制的食物是蔬菜。,B,错误
2587,下列具有促进癌变的物质是硒。,B,错误
2588,被称为第三大非传染性疾病的是糖尿病。,A,正确
2589,皮摺厚度是指三头肌、肩胛下、脐旁三个部位的皮下脂肪厚度之和。,A,正确
2590,体型、年龄、运动量是决定食量的重要因素。,A,正确
2591,碳水化合物是构成细胞的主要成分，负责人体建造与修补。而组成蛋白质的最小单位就是氨基酸。,B,错误
2592,摄取氨基酸能使新陈代谢率提高、促进肌肉生长，并使耐力与爆发力增强。,A,正确
2593,最佳进食时机随着运动时间和食物种类的不同而不同，原则是吃进去的食物可以在运动过程中提供充足的营养和能量，又不会造成肠胃不适。,A,正确
2594,补充鱼油会导致血液中的胆固醇及血脂肪升高，使血液流动顺畅。,B,错误
2595,激烈的运动会令身体大量流汗，使体内液体流失。若运动前和运动中不补充水分而运动中又大量出汗时，就很容易发生脱水现象。,A,正确
2596,重度脱水指水分流失占体重的 6%以上，但不会有严重热痉挛、热衰竭、中暑、昏迷甚至死亡的可能。,B,错误
2597,凡具有调解人体电解质功能的饮料都称为运动饮料。不运动时可长期喝运动饮料，不会造成肥胖或体内电解质不平衡。,B,错误
2598,运动前应以高糖、低脂肪的食物为主，如面包、米饭、面食和水果等，这些食物可作为运动时的能量来源。,A,正确
2599,如果上午10点锻炼，早上7:00 左右可以吃丰盛而富含高糖的早餐，3 小时足够消化这些食物，补充肝糖，而且不会造成肠胃不适。,A,正确
2600,在运动后的恢复期补充饮料和运动前的准备同样重要。,A,正确
2601,若运动前和运动中不补充水分，运动中又大量出汗时，会发生脱水现象。,A,正确
2602,摄取氨基酸能使新陈代谢率提高、促进肌肉生长，但不会使耐力与爆发力增加。,B,错误
2603,脂肪对于提高抵抗力、增粗肌纤维、保持肌肉线条有很好的帮助作用。,B,错误
2604,以运动的卡路里需要量而言，每天跑 5千米的人，用于运动的能量应是每天跑 2.5 千米人的两倍。,A,正确
2605,1. 下列哪种不是关节软骨的材料性质：,B,自身具有血管营养系统
2606,2. 下列哪种不是学校体育中运动损伤的发生特点：,D,严重伤及急性伤多
2607,3. 下列哪种不是开放性运动损伤伤口的处理原则：,A,立即拔除嵌入的物品
2608,5. 下列哪种不是闭合性软组织损伤：,D,韧带撕裂
2609,6. 下列哪种不是急性运动损伤早期的处理原则：,B,热敷
2610,7. 下列哪种不是急性运动损伤中期的处理方法：,A,冷敷
2611,8. 下列哪种不是急性运动损伤晚期的处理方法：,C,冷敷
2612,9. 根据肌纤维损伤的程度不同，肌肉拉伤可分为三级，下面哪种不属于：,A,肌肉痉挛
2613,10. 头部出血应该压迫的部位为：,A,颞浅动脉
2614,11. 前臂出血应该压迫的部位为：,B,肱动脉
2615,12. 大腿及小腿出血应该压迫的部位为：,A,股动脉
2616,13. 止血带绑扎的位置是：,D,伤口近心端
2617,14. 采用止血带止血法应该多长时间松解一次：,D,30-60分钟
2618,15. 上肢大动脉出血绑扎位置为：,A,上臂的1/3处
2619,16. 下列不能采用绷带绑扎止血的部位为：,C,大腿
2620,17. 下列骨折固定的原则不包括：,C,开放性骨折需先将刺出皮肤的骨端送回创口再固定
2621,18. 基本急救三原则ABC不包括下列哪种情况：,D,保持与伤者的语言交流
2622,19. 处理急性运动损伤后所采用的冷疗法的作用不包括：,C,增加组织胺的释放
2623,20. 采用冰敷治疗方法时，当皮肤感到（）时，就可以移除冰袋：,D,麻木
2624,21. 为防止冻伤，冰敷时间不能超过：,D,30分钟
2625,22. 处理急性运动损伤采用的热疗法的不包括：,A,增加感觉神经兴奋性
2626,23. 心肺复苏正确的步骤为：,A,首先是心脏胸外按压，再进行开放气道，最后进行人工呼吸
2627,24. 下列哪种损伤不是闭合性损伤：,D,骨折
2628,25. 下列哪种损伤不是运动技术性损伤：,D,骨折
2629,26. 下列属于急性运动损伤的是：,A,肌肉拉伤
2630,27. 下列运动中最容易伤到踝关节的是：,B,篮球
2631,28. 踝关节由3块骨构成，下面哪个不是：,D,掌骨面
2632,29. 踝关节韧带由三条组成，下面哪个除外：,D,十字韧带
2633,30. 运动过程中发生的踝关节内翻过度而损伤的是：,A,外侧副韧带
2634,31. 人体中结构最复杂，承受应力最大的关节是：,B,膝关节
2635,32. 急性膝关节扭伤最容易撕裂的韧带是：,A,前交叉韧带
2636,33. 腕指关节是个统称，主要由三个关节组成，下面哪个除外：,D,腕掌关节
2637,34. 根据发生运动损伤项目的特点，下面哪个项目更容易发生运动损伤：,A,篮球
2638,35. 下列哪种损伤不属于闭合性软组织损伤：,D,捩伤
2639,36. 急性软组织损伤早期处理阶段不包括：,D,按摩
2640,37. 急性软组织损伤中期处理阶段不包括：,C,冷敷
2641,38. 急性软组织损伤晚期处理阶段不包括：,C,针刺
2642,39. 肌肉约占人体体重的：,C,40%-45%
2643,40. 使用弹性绷带对受伤部位进行包扎时应注意：,D,以螺旋状方式平均施加压力
2644,41. 将受伤部位抬高的目的叙述中哪个错误？,D,方便进一步检查
2645,42. 下列哪个动作不会造成被动牵拉伤：,D,起跳
2646,43. 根据运动项目特点，下列哪个项目不容易出现挫伤：,D,健美
2647,44. 在运动中发生肌肉痉挛最为频繁的部位是：,A,小腿
2648,45. 对运动中发生的肌肉痉挛的处理方式错误的叙述是：,C,立即对痉挛部位进行按摩
2649,46. 急性运动损伤中对冷敷作用叙述错误的是：,A,消毒
2650,47. 加压包扎止血法不能运用于下列哪种损伤：,D,主动脉
2651,48. 下列关于脑震荡的叙述错误的是：,D,有显著的脑解剖性和结构性组织伤害
2652,49. 急性脑震荡发生时的临场表现不包括：,D,头颅CT检查异常
2653,50. 急性运动损伤处理中常用的冷疗法作用的叙述错误是：,D,对受伤部位进行消毒
2654,51. 急性运动损伤处理中常用的热疗法作用的叙述错误是：,A,抑制神经感受
2655,52. 热疗法不能用于下列哪种形势的治疗：,D,急性闭合性软组织的早期
2656,53. 砂浴疗法不能用于下列哪种损伤：,D,骨折
2657,54. 肌内效贴是由哪个国家的专家发明的：,B,日本
2658,55. 英文“CPR”的中文全称是：,A,心肺复苏
2659,56. 心肺复苏中的胸外按压位置叙述正确的是：,D,胸骨正中，两乳头水平连线处
2660,57. 心肺复苏中的胸外按压频率是：,D,100次/分钟
2661,58. 海姆立克急救法是由哪个国家的专家发明的：,C,美国
2662,59. 下列哪种情况不是判断心肺复苏抢救初步成功的指标：,B,能够交流
2663,60. 根据项目特点，下列哪个项目最容易发生神经麻痹：,D,自行车
2664,61. 根据运动员运动损伤的部位特点，下列哪个部位不是最容易损伤部位：,D,肩关节
2665,62. 根据运动项目特点，在集体项目中最容易受伤的关节是：,C,踝关节
2666,63. 根据运动项目特点，篮球接球动作最容易受伤部位是：,C,手指关节
2667,64. 根据运动项目特点，乒乓球运动最容易受伤部位是：,D,腕关节
2668,以下不是引起肌肉痉挛（抽筋）的原因是：,D,身体缺少糖分
2669,人体运动过程中最容易出现肌肉痉挛的肌肉是：,A,小腿腓肠肌
2670,对运动过后出现的肌肉延迟性疼痛进行处理，不正确的方法是：,A,冷敷
2671,以下不是运动康复的主要手段是：,A,经常喝运动功能性饮料
2672,对脑震荡处理错误的方法是：,C,迅速热敷头部
2673,对运动过程中出现的肌肉拉伤进行处理不当的是：,D,对痛点进行按摩
2674,如果运动过程中出现的“运动中腹痛”现象，可以按摩以下几个穴位，哪个不对：,D,印堂穴
2675,如果运动过程中出现的“肌肉痉挛”现象，可以按摩以下几个穴位，哪个不对：,D,足三里
2676,运动中补水的原则是：,A,少量多次
2677,下列哪种食物被经常作为运动中补充体能的佳品：,D,香蕉
2678,研究显示，在运动后的一段时间内，身体合成糖原的效率最高。时间过后，则恢复到正常水平，这个时间是运动后：,B,2小时
2679,以下哪一项不是体育锻炼的原则？,C,有效性原则
2680,以下哪一项不是FITT原则：,D,重量
2681,从运动生理学的角度来说，多长时间是全身耐力运动所需要的最短时间？,B,5分钟
2682,如果长时间没有运动，刚开始进行体育锻炼后，往往会出现肌肉延迟性疼痛，以下不是引起肌肉延迟性疼痛的原因是：,D,可能身体缺钙
2683,对准备活动作用的叙述，下列错误的是：,A,抑制中枢神经的兴奋性
2684,对于运动损伤的预防，下列说法错误的是,D,少做技术难度大的动作
2685,网球肘又叫：,A,肱骨外上髁炎
2686,肩袖是由以下几个部分组成，其中错误的是：,C,肱二头肌
2687,对于“末端病”的描述，错误的是：,D,比较容易治疗
2688,对于“关节软骨损伤”的描述，错误的是：,C,受伤后可以完全再生
2689,关节的稳定主要依赖于以下几个方面的维持，其中不包括：,D,脂肪
2690,对于“骨组织劳损”的描述错误的是：,C,疲劳性骨折则也可自愈
2691,“末端病”的发生最先受损的是：,A,血管
2692,对预防慢性小损伤尤其是微细损伤，以下几条尤为重要，其中错误的是：,D,加强运动饮品的摄入
2693,以下对肩袖损伤的临床表现描述错误的是：,B,以前没有损伤史
2694,撕裂伤最容易发生的部位是头部,A,对
2695,对于撕裂伤的处理，较大的撕裂伤应先止血，经清创、消毒后再进一步处理。,A,对
2696,大学生群体最容易发生的损伤性质是：慢性、闭合性损伤.,B,错
2697,加垫屈肢止血法不能应用于身体前臂,B,错
2698,海姆立克急救法是由美国的专家发明的,A,对
2699,心肺复苏中的胸外按压频率是：40次/分钟,B,错
2700,对于骨折固定的目的叙述错误的是：预防感染,B,错
2701,"儿童少年骨的特点是有机物多，无机物少,易骨折.",B,错
2702,学校体育中运动损伤的发生特点是小伤轻伤多、软组织损伤多,A,对
2703,韧带撕裂是闭合性软组织损伤.,A,对
2704,按摩是急性运动损伤早期的处理原则.,B,错
2705,冷敷是急性运动损伤晚期的处理方法.,B,错
2706,乒乓球正规比赛用球直径是38mm,B,错
2707,现代足球起源于中国。,B,错
2708,我国男子足球队首次进入世界杯决赛阶段比赛的时间是1998年。,B,错
2709,剧烈运动时，肺通气量的增加主要依靠呼吸深度和呼吸频率的增加，以后者为主。,A,对
2710,可使骨骼肌的体积明显增加的是生长素，女子体内含量低是女性肌肉体积小于男生的因素之一。,B,错
2711,扶墙压肩可发展下列三角肌肌肉的伸展性。,B,错
2712,做十字吊环在肩关节发挥力量的肌肉是胸大肌和背阔肌。,A,对
2713,可绕三个基本轴运动的关节是髋关节。,A,对
2714,头部出血应该压迫的部位为：颞浅动脉。,A,对
2715,前臂出血应该压迫的部位为：锁骨下动脉,B,错
2716,止血带绑扎的位置是：伤口.,B,错
2717,大腿不能采用绷带绑扎止血。,A,对
2718,为防止冻伤，冰敷时间不能超过10分钟。,B,错
2719,网球肘是运动技术性损伤。,A,对
2720,网球肘是急性运动损伤。,B,错
2721,准备活动可以抑制中枢神经的兴奋性。,B,错
2722,"人体整个运动系统包括:骨
、骨连结以及骨骼肌。",A,对
2723,人体最大的籽骨是：髌骨,A,对
2724,人体前臂内侧是：腓骨。,B,错
2725,人体颈椎共有骨头7块。,A,对
2726,"影响关节运动幅度的关键要素是：
关节囊的厚薄",B,错
2727,具有囊内韧带的关节是：肩关节和膝关节,A,对
2728,可绕三个基本轴运动的关节是：髋关节,A,对
2729,限制髋关节过伸的主要结构是：坐骨韧带。,B,错
2730,呼吸肌由肋间外肌、肋间内肌、胸肌组成。,B,错
2731,可维持腹压的肌肉是：腹外斜肌,A,对
2732,国际篮联规定供国际比赛的标准场地为：长26宽14,B,错
2733,目前羽毛球21分制比赛中，在决胜局时，当一方分值达到15分时，双方交换场地,B,错
2734,平滑肌和骨骼肌又称横纹肌的是,B,错
2735,韧带的组织是疏松的。,B,错
2736,加压包扎止血法不能用于股动脉。,A,对
2737,加垫屈肢止血法不能应用于躯干。,A,对
2738,肌肉约占人体体重的：60%-65%,B,错
2739,使用弹性绷带对受伤部位进行包扎时应注意从肢体近端往末端方向包扎,B,错
2740,"根据运动项目特点,健美不容易出现挫伤",A,对
2741,在运动中发生肌肉痉挛最为频繁的部位是小腿。,A,对
2742,运动中发生的肌肉痉挛应马上对痉挛部位进行牵拉。,A,对
2743,英文“CPR”的中文全称是：心脏急救。,B,错
2744,根据项目特点，排球最容易发生尺神经麻痹。,B,错
2745,根据运动员运动损伤的部位特点，肩关节不是最容易损伤部位,A,对
2746,发展股后肌群伸展性，最好采用：跪撑后倒。,B,错
2747,91. 与无锻炼者相比，有锻炼者进行定量运动时心血管机能没有反应大的特点,A,对
2748,根据运动项目特点，篮球接球动作最容易受伤部位是膝关节。,B,错
2749,根据运动项目特点，乒乓球运动最容易受伤部位是：腕关节。,A,对
2750,对开放性运动损伤伤口的处理原则是拔出嵌入体内的物品。,B,错
2751,撕裂伤最容易发生的部位是：肩部。,B,错
2752,心肺复苏中的胸外按压位置是心脏上方。,B,错
2753,肌内效贴是由日本的专家发明的,A,对
2754,砂浴疗法不能用于骨折损伤,A,对
2755,热疗法不能用于急性闭合性软组织的早期形势的治疗,A,对
2756,急性运动损伤处理中常用的冷疗法作用是对受伤部位进行消毒。,B,错
2757,急性脑震荡发生时的临场表现有意识障碍、逆行性健忘以及自主神经功能紊乱。,A,对
2758,脑震荡有显著的脑解剖性和结构性组织伤害。,B,错
2759,运动过程中的肌肉痉挛是指肌肉有规律的自由收缩现象。,B,错
2760,运动过程中最容易出现肌肉痉挛的肌肉是肱二头肌。,B,错
2761,人体由安静状态到剧烈运动时，机体容易出现“极点”现象，这不是一种正常的生理现象。,B,错
2762,人体运动过程中出现的“极点”现象是由于内脏器官的惰性和身体的乳酸积累造成的。,A,对
2763,“极点”和“第二次呼吸”是中长跑运动中常见的生理现象，只要坚持锻炼和处理得当，这种现象是可以推迟和减轻的。,A,对
2764,由于剧烈运动，使大量血液积聚在下肢，回心血量减少，容易引起运动性昏厥。,A,对
2765,当腓肠肌出现痉挛时，应膝关节弯曲，蹲压。,B,错
2766,运动中一旦出现“极点”应及时停止运动，以缓解身体不适。,B,错
2767,运动过程中，由于肺部缺氧而发生的暂时性知觉丧失的现象称之为运动性昏厥。,B,错
2768,长期喝运动饮料有助于调节体内电解质的平衡。,B,错
2769,糖原是运动时的主要能量来源之一，主要存在于肌肉和心脏之中。,B,错
2770,口服维生素c有助于受伤组织的修复，从而减轻或缓解酸痛。,A,对
2771,“第二次呼吸”出现以后，循环机能将稳定在较高的水平上。,A,对
2772,冬季下水游泳之前，应先用热水淋浴，防止冻伤。,B,错
2773,挫伤是指由于身体局部受到钝器打击而引起的深层组织的开放性损伤。,B,错
2774,急性损伤局部触诊皮肤温度升高,A,对
2775,关节软骨损伤，如髌骨软骨病、骨关节病等，大多系劳损所致。,A,对
2776,“末端病”的发生是先有腱组织损害，继而再产生血管的病理改变,B,错
2777,网球肘：又名肱骨外上髁炎 ，因网球运动员易患而得名,A,对
2778,疲劳性骨膜炎一般改变训练方案，多可自愈，不直接影响训练；而疲劳性骨折则愈合困难。,A,对
2779,髌骨软骨病、骨关节病等，大多系劳损所致。由于软骨受伤后难以完全再生，因而治疗也较为困难。,A,对
2780,在慢性小损伤中，有的属陈旧性损伤，但更多的则是劳损，属运动技术伤。,A,对
2781,常见的运动损伤一般都有局部肿胀、皮下内出血现象。,A,对
2782,骨骼、肌肉、肌腱慢性损伤也是血液循环障碍的结果。,A,对
2783,晕厥：是一时性的全大脑半球及脑干供血不足引起发作性短暂意识丧失伴肌张力消失而倒地的现象,A,对
2784,4. 对于急性运动损伤的处理需要遵守的PRICE原则不包括：,C,热敷
